question	image_url	option_1	option_2	option_3	option_4	correct_answer
What country is this?	https://ik.imagekit.io/nxir0zmtq/Flags/wales_flag.png?updatedAt=1767639357933	Wales	Saxony	East Anglia	Bhutan	1
What country is this?	https://ik.imagekit.io/nxir0zmtq/Flags/white_russia_flag.png?updatedAt=1767639358664	Russia	Holy Roman Empire	Russian Empire	Holy League	3
What country is this?	https://ik.imagekit.io/nxir0zmtq/Flags/yunnan_clique_flag.png?updatedAt=1767639357874	Guanxi Clique	Fengtian Clique	Guangdong Clique	Yunnan Clique	4
What country is this?	https://ik.imagekit.io/nxir0zmtq/Flags/zambia_flag.png?updatedAt=1767639357576	Senegal	Zambia	Tunisia	Rwanda	2
What country is this?	https://ik.imagekit.io/nxir0zmtq/Flags/vietnamese_republic_flag.png?updatedAt=1767639357659	South Vietnam	Vietnam	Laos	Asia	1
What country is this?	https://ik.imagekit.io/nxir0zmtq/Flags/western_sahara_flag.png?updatedAt=1767639357200	Jordan	Palestine	Western Sahara	United Arab Emirates	3
What country is this?	https://ik.imagekit.io/nxir0zmtq/Flags/vietnam_flag.png?updatedAt=1767639357215	Myanmar	Peoples Republic of China	Cambodia	Vietnam	4
What country is this?	https://ik.imagekit.io/nxir0zmtq/Flags/xinjiang_flag.png?updatedAt=1767639357845	Micronesia	Xinjiang	Somalia	Turkey	2					
What country is this?	https://ik.imagekit.io/nxir0zmtq/Flags/yemeni_kingdom_flag.png?updatedAt=1767639358515	Yemmeni Kingdom	Omani Empire	Kuwait	Hejz and Nadd	1
What country is this?	https://ik.imagekit.io/nxir0zmtq/Flags/zimbabwe_flag.png?updatedAt=1767639357806	Mozambique	Zambia	Zimbabwe	Burkina Faso	3
What country is this?	https://ik.imagekit.io/nxir0zmtq/Flags/united_states_flag.png?updatedAt=1767639358106	United Arab Emirates	United Kingdom	Liberia	United States of America	4
What country is this?	https://ik.imagekit.io/nxir0zmtq/Flags/utah_flag.png?updatedAt=1767639357837	Nevada	Utah	Minnesota	California	2
What country is this?	https://ik.imagekit.io/nxir0zmtq/Flags/vatican_city_flag.png?updatedAt=1767639357260	San Marino	Vatican City	Monaco	Kingdom of Italy	2
What country is this?	https://ik.imagekit.io/nxir0zmtq/Flags/vanuatu_flag.png?updatedAt=1767639357785	Vanuatu	Mozambique	Zimbabwe	Angola	1
What country is this?	https://ik.imagekit.io/nxir0zmtq/Flags/united_kingdom_flag.png?updatedAt=1767639357714	England	British Empire	United Kingdom	Great Britain	3
What country is this?	https://ik.imagekit.io/nxir0zmtq/Flags/uruguay_flag.png?updatedAt=1767639357702	Argentina	Panama	Paraguay	Uruguay	4
What country is this?	https://ik.imagekit.io/nxir0zmtq/Flags/venezuela_flag.png?updatedAt=1767639357435	Columbia	Venezeula	Guayana	Ecuador	2
What country is this?	https://ik.imagekit.io/nxir0zmtq/Flags/vichy_france_flag.png?updatedAt=1767639357453	Vichy France	German Empire	France	Salo Republic	1
What country is this?	https://ik.imagekit.io/nxir0zmtq/Flags/uzbekistan_flag.png?updatedAt=1767639357401	Pakistan	Tajikistan	Uzbeksitan	Turkmenistan	3
What country is this?	https://ik.imagekit.io/nxir0zmtq/Flags/turkmenistan_flag.png?updatedAt=1767639357602	Uzbekistan	Pakistan	Kyrgystan	Turkmenistan	4
What country is this?	https://ik.imagekit.io/nxir0zmtq/Flags/tuvalu_flag.png?updatedAt=1767639357449	Fiji	Tuvalu	Nauru	Marshall Islands	2
What country is this?	https://ik.imagekit.io/nxir0zmtq/Flags/ukrainian_ssr_flag.png?updatedAt=1767639356856	Soviet Ukraine	Soviet Baltics	Soviet Kazakhstan	Soviet Belarus	1					
What country is this?	https://ik.imagekit.io/nxir0zmtq/Flags/trinidad_and_tobago_flag.png?updatedAt=1767639357057	Saint Kitts and Nevis	Saint Vincent and the Grenadines	Trinidad and Tobago	Democratic Republic of the Congo	3				
What country is this?	https://ik.imagekit.io/nxir0zmtq/Flags/uganda_flag.png?updatedAt=1767639356816	Zambia	Trinidad and Tobago	Namibia	Uganda	4					
What country is this?	https://ik.imagekit.io/nxir0zmtq/Flags/turkestan_flag.png?updatedAt=1767639357144	Turkey	Turkestan	Tunisia	Mongol Empire	2
What country is this?	https://ik.imagekit.io/nxir0zmtq/Flags/turkey_flag.png?updatedAt=1767639356774	Turkey	Afghanistan	Tunisia	Jordan	1
What country is this?	https://ik.imagekit.io/nxir0zmtq/Flags/tunisia_flag.png?updatedAt=1767639356972	Turkey	Jordan	Tunisia	Afghanistan	3
What country is this?	https://ik.imagekit.io/nxir0zmtq/Flags/tibet_flag.png?updatedAt=1767639357490	Bhutan	Qing Empire	Nepal	Tibet	4
What country is this?	https://ik.imagekit.io/nxir0zmtq/Flags/transnistria_flag.png?updatedAt=1767639356671	USSR	Transnistria	Soviet Kazakhstan	Soviet Belarus	2
What country is this?	https://ik.imagekit.io/nxir0zmtq/Flags/tonga_flag.png?updatedAt=1767639356039	Switzerland	Malta	Tonga	Qatar	3
What country is this?	https://ik.imagekit.io/nxir0zmtq/Flags/togo_flag.png?updatedAt=1767639356555	Tonga	Jordan	Myanmar	Togo	4
What country is this?	https://ik.imagekit.io/nxir0zmtq/Flags/texas_flag.png?updatedAt=1767639355910	Texas	Chile	Argentina	United States of America	1
What country is this?	https://ik.imagekit.io/nxir0zmtq/Flags/tanzania_flag.png?updatedAt=1767639355897	Republic of the Congo	Rwanda	Tanzania	Botswana	3
What country is this?	https://ik.imagekit.io/nxir0zmtq/Flags/tannu_tuva_flag.png?updatedAt=1767639355833	Tannu Tuva	Peoples Republic of Mongolia	USSR	Tap Republic	1					
What country is this?	https://ik.imagekit.io/nxir0zmtq/Flags/oop.png?updatedAt=1767647852922	Russia	Poland	Ukraine	Belarus	3
What country is this?	https://ik.imagekit.io/nxir0zmtq/Flags/uae.png	Palestine	Jordan	Western Sahara	United Arab Emirates	4
What country is this?	https://ik.imagekit.io/nxir0zmtq/Flags/west_indies_flag.png?updatedAt=1767639357606	Palau	West Indies	Vanuatu	New Zealand	2
What country is this?	https://ik.imagekit.io/nxir0zmtq/Flags/zulu_kingdom_flag.png	Zulu Kingdom	Memel	Lithuania	Yacutan Kingdom	1
What country is this?	https://ik.imagekit.io/nxir0zmtq/Flags/turkish_cyprus_flag.png?updatedAt=1767639356772	Tunisia	Oman	Turkish National Guard	Turkish Cyprus	4
What country is this?	https://ik.imagekit.io/nxir0zmtq/Flags/thai_republic_flag.png	Malaysia	Myanmar	Thailand	Cambodia	3
What country is this?	https://ik.imagekit.io/nxir0zmtq/Flags/tajikistan_flag.png?updatedAt=1767639355813	Uzbekistan	Tajikistan	Kyrgystan	Turkmenistan	2
What country is this?	https://ik.imagekit.io/nxir0zmtq/Flags/taiwan_flag.png?updatedAt=1767639351488	Republic of China	Taiwan	Nationalist China	Republic of Taiwan	1
What country is this?	https://ik.imagekit.io/nxir0zmtq/Flags/syria_flag.png?updatedAt=1767639351225	Lebanon	Syrian Republic	Syrian Arab Republic	Iraq	3
What country is this?	https://ik.imagekit.io/nxir0zmtq/Flags/syrian_republic_flag.png?updatedAt=1767639351205	Lebanon	Iraq	Syrian Arab Republic	Syrian Republic	4
What country is this?	https://ik.imagekit.io/nxir0zmtq/Flags/switzerland_flag.png	Austria	Swiss Confederation	Kingdom of Italy	Swissland	2
What country is this?	https://ik.imagekit.io/nxir0zmtq/Flags/sweden_flag.png	Sweden	Iceland	Norway	Finland	1
What country is this?	https://ik.imagekit.io/nxir0zmtq/Flags/suriname_flag.png?updatedAt=1767639345977	French Suriname	Guyana	Suriname	Gabon	3
What country is this?	https://ik.imagekit.io/nxir0zmtq/Flags/sikh_empire_flag.png?updatedAt=1767639346619	Guanxi Clique	Arkhangai	Sikh Empire	Bayankhongor	3
What country is this?	https://ik.imagekit.io/nxir0zmtq/Flags/serbian_kingdom_flag.png?updatedAt=1767639345595	Serbia	Yugoslavia	Hungarian Empire	Kingdom of Serbia	4
What country is this?	https://ik.imagekit.io/nxir0zmtq/Flags/solomon_islands_flag.png?updatedAt=1767639345577	Marshall Islands	Solomon Islands	Kiribati	Seychelles	2
What country is this?	https://ik.imagekit.io/nxir0zmtq/Flags/sri_lanka_flag.png?updatedAt=1767639345298	Sri Lanka	India	Bhutan	Nepal	1
What country is this?	https://ik.imagekit.io/nxir0zmtq/Flags/st_kitts_and_nevis_flag.png?updatedAt=1767639345237	Trinidad and Tobago	Central African Republic	Saint Kitts and Nevis	Antigua and Barbuda	3
What country is this?	https://ik.imagekit.io/nxir0zmtq/Flags/south_korea_flag.png?updatedAt=1767639345250	Japanese Republic	Joseon	Korea	South Korea	4
What country is this?	https://ik.imagekit.io/nxir0zmtq/Flags/serbia_flag.png?updatedAt=1767639345479	Bulgaria	Serbia	Serbian Kingdom	Yugoslavia	2
What country is this?	https://ik.imagekit.io/nxir0zmtq/Flags/somaliland_flag.png?updatedAt=1767639345981	Somaliland	Somalia	Jordan	Western Sahara	1
What country is this?	https://ik.imagekit.io/nxir0zmtq/Flags/spanish_republic_flag.png?updatedAt=1767639345128	Spain	Soviet Moldova	Spanish Republic	Socialist Yugoslavia	3
What country is this?	https://ik.imagekit.io/nxir0zmtq/Flags/spain_flag.png?updatedAt=1767639345127	Andorra	Portugal	France	Spain	4
What country is this?	https://ik.imagekit.io/nxir0zmtq/Flags/sicily_flag.png?updatedAt=1767639345098	Roman Empire	Sicily	Isle of Man	Princely States	2
What country is this?	https://ik.imagekit.io/nxir0zmtq/Flags/st_lucia_flag.png?updatedAt=1767639345031	St Lucia	St Kitts and Nevis	St Vincent and the Grenadines	Grenada	1
What country is this?	https://ik.imagekit.io/nxir0zmtq/Flags/shandong_clique_flag.png?updatedAt=1767639345036	Shandong Clique	Yunnan Clique	Guanxi Clique	Shanxi Clique	1
What country is this?	https://ik.imagekit.io/nxir0zmtq/Flags/somalia_flag.png?updatedAt=1767639344989	Micronesia	Vietnam	Somalia	Eritrea	3
What country is this?	https://ik.imagekit.io/nxir0zmtq/Flags/south_sudan_flag.png?updatedAt=1767639344960	Sudan	Jordan	South Sudan	United Arab Emirates	3
What country is this?	https://ik.imagekit.io/nxir0zmtq/Flags/south_africa_flag.png?updatedAt=1767639344901	Zambia	Central African Republic	Mozambique	South Africa	4
What country is this?	https://ik.imagekit.io/nxir0zmtq/Flags/slovakia_flag.png?updatedAt=1767639345641	Czechia	Slovakia	Croatia	Slovenia	2
What country is this?	https://ik.imagekit.io/nxir0zmtq/Flags/south_ossetia_flag.png	South Ossetia	Armenian Republic	Red Ruthenia	Transcaucasa	1					
What country is this?	https://ik.imagekit.io/nxir0zmtq/Flags/sinkiang_flag.png?updatedAt=1767639345530	Vietnam	Soviet Republic of China	Sinkiang	Indonesia	3
What country is this?	https://ik.imagekit.io/nxir0zmtq/Flags/soviet_union_flag.png?updatedAt=1767639344740	Russia	Peoples Republic of China	Soviet Onion	United Soviet Socialist Republic	4
What country is this?	https://ik.imagekit.io/nxir0zmtq/Flags/sichuan_clique_flag.png?updatedAt=1767639344688	Yunnan Clique	Sichuan Clique	Ma clique	Guanxi Clique	2
What country is this?	https://ik.imagekit.io/nxir0zmtq/Flags/slovenia_flag.png?updatedAt=1767639344691	Slovenia	Slovakia	Croatia	Czechia	1
What country is this?	https://ik.imagekit.io/nxir0zmtq/Flags/singapore_flag.png?updatedAt=1767639345169	Indonesia	Malaysia	Singapore	Phillipines	3
What country is this?	https://ik.imagekit.io/nxir0zmtq/Flags/sierra_leone_flag.png	Guinea Bessau	Senegal	Sierra Leone	The Gambia	3
What country is this?	https://ik.imagekit.io/nxir0zmtq/Flags/sudan_flag.png?updatedAt=1767639344585	Jordan	South Sudan	Egypt	Sudan	4
What country is this?	https://ik.imagekit.io/nxir0zmtq/Flags/shanxi_clique_flag.png?updatedAt=1767639344537	Fengtian clique	Shanxi Clique	Ma clique	Xinjiang clique	2
What country is this?	https://ik.imagekit.io/nxir0zmtq/Flags/sfr_yugoslavia_flag.png?updatedAt=1767639345109	Socialist Yugoslavia	Yugoslavia	Serbia	Communist Albania	1
What country is this?	https://ik.imagekit.io/nxir0zmtq/Flags/siberia_flag.png?updatedAt=1767639345059	Russia	Archangelsk	Siberia	Grand Principality of Moscow	3
What country is this?	https://ik.imagekit.io/nxir0zmtq/Flags/senegal_flag.png?updatedAt=1767639345230	Ghana	Mali	Benin	Senegal	4
What country is this?	https://ik.imagekit.io/nxir0zmtq/Flags/seychelles_flag.png?updatedAt=1767639345221	South Africa	Seychelles	Grenada	Solomon Islands	2
What country is this?	https://ik.imagekit.io/nxir0zmtq/Flags/scotland_flag.png?updatedAt=1767639344439	Scotland	St James	Berkshire	Firmshire	1
What country is this?	https://ik.imagekit.io/nxir0zmtq/Flags/punjab_flag.png?updatedAt=1767639344645	Indian Government	Indian Princely States	Punjab Government	Eleventh Army	3
What country is this?	https://ik.imagekit.io/nxir0zmtq/Flags/san_marino_flag.png?updatedAt=1767639345093	Liechtenstein	Monaco	Vatican City	San Marino	4
What country is this?	https://ik.imagekit.io/nxir0zmtq/Flags/saudi_arabia_flag.png?updatedAt=1767639344601	Saudi Arabia	Israel	Palestine	United Arab Emirates	1
What country is this?	https://ik.imagekit.io/nxir0zmtq/Flags/reunion_flag.png?updatedAt=1767639344520	Hanoi	Central Kalimantan	Reunion	Jakarta	3
What country is this?	https://ik.imagekit.io/nxir0zmtq/Flags/reformed_belarus_flag.png?updatedAt=1767639344474	Patagonia	White Russia	Pahonia	Soviet Belarus	3
What country is this?	https://ik.imagekit.io/nxir0zmtq/Flags/salo_republic_flag.png?updatedAt=1767639344454	Kingdom of Italy	Italy	Socialist Republic of Italy	Salo Republic	4
What country is this?	https://ik.imagekit.io/nxir0zmtq/Flags/sao_tome_and_principe_flag.png?updatedAt=1767639344967	Togo	Grenada	Benin	Sao Tome and Principe	4
What country is this?	https://ik.imagekit.io/nxir0zmtq/Flags/reorganized_china_flag.png?updatedAt=1767639345139	Taiwan	Taiwanese Republic	Reoganized Republic of China	National Republic of China	3
What country is this?	https://ik.imagekit.io/nxir0zmtq/Flags/provincial_league_flag.png?updatedAt=1767639345134	Flag of the 11 Embassys	Qing Empire	China	Provincial League	4
What alliance is this?	https://ik.imagekit.io/nxir0zmtq/Flags/warsaw_pact_flag.png?updatedAt=1767639358120	Alliance of Communist States	Warsaw Pact	Principality of Moscow	United Socialist Soviet Republics	2
What country is this?	https://ik.imagekit.io/nxir0zmtq/Flags/romanian_republic_flag.png?updatedAt=1767639344939	Socialist Republic of Romania	Republic of Romania	Legionary Romania	Republic of Chad	1
What country is this?	https://ik.imagekit.io/nxir0zmtq/Flags/republican_spain_flag.png?updatedAt=1767639344799	Spanish Republic	Spain	Republican Spain	Socialist Republic of Romania	3
What country is this?	https://ik.imagekit.io/nxir0zmtq/Flags/polish_kingdom_flag.png?updatedAt=1767639344906	Polish Hussars	Red Ruthenia	Polish Kingdom	Kingdom of Ruthenia	3
What country is this?	https://ik.imagekit.io/nxir0zmtq/Flags/sardinia_flag.png?updatedAt=1767639343819	Corsica	Kingdom of Italy	Sicily	Kingdom of Sardinia	4
What country is this?	https://ik.imagekit.io/nxir0zmtq/Flags/samoa_flag.png?updatedAt=1767639344249	Taiwan	Nationalist China	Samoa	Siam	3
What country is this?	https://ik.imagekit.io/nxir0zmtq/Flags/saar_protectorate_flag.png?updatedAt=1767639344481	Rhine Republic	Iceland	Bavaria	Saar Protectorate	4
What province is this?	https://ik.imagekit.io/nxir0zmtq/Flags/ryukyuan_flag.png?updatedAt=1767639343684	Hokkaido	Ryukyuan	Honshu	Kyushu	2
What country is this?	https://ik.imagekit.io/nxir0zmtq/Flags/rwanda_flag.png?updatedAt=1767639343667	Uganda	Rwanda	Tanzania	Burundi	2
What country is this?	https://ik.imagekit.io/nxir0zmtq/Flags/russian_sfsr_flag.png?updatedAt=1767639343646	Russian Soviet Federative Socialist Republic	Moldovan Soviet Federative Socialist Republic	Ukranian Soviet Federative Socialist Republic	Kazakhstan Soviet Federative Socialist Republic	1
What country is this?	https://ik.imagekit.io/nxir0zmtq/Flags/russia_flag.png?updatedAt=1767857438817	Russian State	Slovenia	Russian Federation	Slovakia	3
What country is this?	https://ik.imagekit.io/nxir0zmtq/Flags/romania_flag.png	Crimea	Bulgaria	Moldova	Romania	4
What country is this?	https://ik.imagekit.io/nxir0zmtq/Flags/portugese_kingdom_flag.png?updatedAt=1767639343887	Finnish Kingdom	Portugese Kingdom	Spanish Kingdom	Peru-Bolivian Commonwealth	2
What country is this?	https://ik.imagekit.io/nxir0zmtq/Flags/psr_albania_flag.png?updatedAt=1767639343117	Albania	People's Socialist Republic of Albania	Peoples Socialist Republic of Mongolia	Mongolia	2
What country is this?	https://ik.imagekit.io/nxir0zmtq/Flags/pr_mongolia_flag.png?updatedAt=1767639343897	Albania	Peoples Socialist Republic of Albania	Peoples Socialist Republic of Mongolia	Mongolia	3
What country is this?	https://ik.imagekit.io/nxir0zmtq/Flags/quebec_flag.png?updatedAt=1767639343841	Ontario	Alberta	Quebec	British Columbia	3
What country is this?	https://ik.imagekit.io/nxir0zmtq/Flags/qatar_flag.png?updatedAt=1767639343553	Oman	Yemen	Bahrain	Qatar	4
What country is this?	https://ik.imagekit.io/nxir0zmtq/Flags/portugal_flag.png?updatedAt=1767639343922	Brazilian Empire	Portugal	Portugese Empire	Brazil	2
What country is this?	https://ik.imagekit.io/nxir0zmtq/Flags/princely_federation_flag.png?updatedAt=1767639343159	Principality of India	Princely States	Principlity of Shangdong	Princely Federation	4
What country is this?	https://ik.imagekit.io/nxir0zmtq/Flags/poland_flag.png	Singapore	Poland	Indonesia	Monaco	2
What country is this?	https://ik.imagekit.io/nxir0zmtq/Flags/philippines_flag.png?updatedAt=1767639342815	Phillipines	Malaysia	Manila	Cambodia	1
What country is this?	https://ik.imagekit.io/nxir0zmtq/Flags/peru_flag.png?updatedAt=1767639342719	Bolivia	Ecuador	Peru	Chile	3
What country is this?	https://ik.imagekit.io/nxir0zmtq/Flags/persia_flag.png?updatedAt=1767639342689	Iraq	Iran	Azerbijan	Persia	4
What country is this?	https://ik.imagekit.io/nxir0zmtq/Flags/patagonia_flag.png	Galicia	Patagonia	Aragon	Catalonia	2
What country is this?	https://ik.imagekit.io/nxir0zmtq/Flags/austrian_empire_flag.png	German Empire	Bavaria	Austria-Hungary	Austrian Empire	4
What country is this?	https://ik.imagekit.io/nxir0zmtq/Flags/paraguay_flag.png?updatedAt=1767639339715	Paraguay	Bolivia	Uruguay	Suriname	1
What country is this?	https://ik.imagekit.io/nxir0zmtq/Flags/papua_new_guinea_flag.png?updatedAt=1767639338706	Papua New Guinea	Panama	Papua	Guinea	1
What country is this?	https://ik.imagekit.io/nxir0zmtq/Flags/albania_flag.png?updatedAt=1767639291778	Albania	Montenegro	Holy Roman Empire	Illyria	1
What country is this?	https://ik.imagekit.io/nxir0zmtq/Flags/palestine_flag.png?updatedAt=1767639338410	Western Sahara	Jordan	Palestine	United Arab Emirates	3
What country is this?	https://ik.imagekit.io/nxir0zmtq/Flags/palau_flag.png?updatedAt=1767639337860	Vanuata	Mariana Islands	Kiribati	Palua	4
What country is this?	https://ik.imagekit.io/nxir0zmtq/Flags/pakistan_flag.png?updatedAt=1767639332301	Tajikistan	Pakistan	Uzekistan	Afghanistan	2
What country is this?	https://ik.imagekit.io/nxir0zmtq/Flags/Chinese%20Soveit%20Republic.png?updatedAt=1767804223030	Russian Imperialist Empire	Mongolian Fascist State	Chinese Soviet Republic	Communist Vietnam	3
What country is this?	https://ik.imagekit.io/nxir0zmtq/Flags/north_ireland_flag.png?updatedAt=1767639329333	Northern Ireland	Ireland	Wales	Isle of Man	1
What country is this?	https://ik.imagekit.io/nxir0zmtq/Flags/north_macedonia_flag.png?updatedAt=1767639329065	East Macedonia	West Macedonia	North Macedonia	South Macedonia	3
What country is this?	https://ik.imagekit.io/nxir0zmtq/Flags/niue_flag.png?updatedAt=1767639329287	Tuvalu	Fiji	Cote De Vior	Niue	4
What country is this?	https://ik.imagekit.io/nxir0zmtq/Flags/nigerian_kingdom_flag.png?updatedAt=1767639329006	Sparta	Kingdom of Benin	Samara	Macedon	2
What country is this?	https://ik.imagekit.io/nxir0zmtq/Flags/nevada_flag.png?updatedAt=1767639329061	Nevada	Palestine	Virginia	Massachussets	1
What country is this?	https://ik.imagekit.io/nxir0zmtq/Flags/alash_autonomy_flag.png?updatedAt=1767639292049	Turkmenistan	Abkhazia	Tajiikistan	Alash autonomy	4
What country is this?	https://ik.imagekit.io/nxir0zmtq/Flags/new_zealand_flag.png?updatedAt=1767639328990	Australia	New Zealand	Austria	Mariana Islands	2
What country is this?	https://ik.imagekit.io/nxir0zmtq/Flags/nepal_flag.png?updatedAt=1767639328960	Nepal	Brunei	Bhutan	Song Dynasty	1
What country is this?	https://ik.imagekit.io/nxir0zmtq/Flags/abkhazia_flag.png?updatedAt=1767639292038	Azerbaijan	Abkhazia	Georgia	Armenia	2
What country is this?	https://ik.imagekit.io/nxir0zmtq/Flags/ottoman_empire_flag.png?updatedAt=1767639328947	Turkey	Seljuk Empire	Ottoman Empire	Turchia	3
What country is this?	https://ik.imagekit.io/nxir0zmtq/Flags/orange_netherlands_flag.png	Netherlands	Dutch Republic	Second Dutch Republic	Dutch Empire	4
What country is this?	https://ik.imagekit.io/nxir0zmtq/Flags/oman_flag.png?updatedAt=1767639328930	Yemen	Oman	Bahrain	Qatar	2
What country is this?	https://ik.imagekit.io/nxir0zmtq/Flags/colombia_flag.png	Columbia	Venezuela	Ecuador	Panama	1
What country is this?	https://ik.imagekit.io/nxir0zmtq/Flags/omani_sultanate_flag.png?updatedAt=1767639329453	Muscat and Oman	Omani Sultanate	Yemeni Sultanate	Yemen Republic	1
What country is this?	https://ik.imagekit.io/nxir0zmtq/Flags/algeria_flag.png?updatedAt=1767639292083	Tunisia	Libya	Algeria	Morroco	3
What country is this?	https://ik.imagekit.io/nxir0zmtq/Flags/north_korea_flag.png?updatedAt=1767639328650	South Korea	Democratic People's Republic of Korea	Korea	Northern Korea	2
What country is this?	https://ik.imagekit.io/nxir0zmtq/Flags/angola_flag.png?updatedAt=1767639292377	Azerbaijan	Angola	Armenia	Albania	2
What country is this?	https://ik.imagekit.io/nxir0zmtq/Flags/occupied_indonesia_flag.png?updatedAt=1767639329721	Peuto Rico	Occupied Indonesia	Empire of Japan	Libya	2
What country is this?	https://ik.imagekit.io/nxir0zmtq/Flags/alaska_flag.png?updatedAt=1767639292151	Colorado	Nunavut	Alaska	Hawai	3
What country is this?	https://ik.imagekit.io/nxir0zmtq/Flags/occupied_japan_flag.png?updatedAt=1767639329488	Soviet Czechoslovakia	Occupied Japan	Czechia	Occupied Phillipines	2
What country is this?	https://ik.imagekit.io/nxir0zmtq/Flags/norway_flag.png	Norway	Iceland	Svaalbard	Greenland	1
What country is this?	https://ik.imagekit.io/nxir0zmtq/Flags/azawad_flag.png?updatedAt=1767639292183	Lithuania	Azawagh	Azawid	Mali	2
What country is this?	https://ik.imagekit.io/nxir0zmtq/Flags/niger_flag.png?updatedAt=1767639328716	Algeria	Chad	Nigeria	Niger	4
What country is this?	https://ik.imagekit.io/nxir0zmtq/Flags/nigeria_flag.png	Mali	Nigeria	Algeria	Niger	2
What country is this?	https://ik.imagekit.io/nxir0zmtq/Flags/joseon_flag.png?updatedAt=1767639321041	Joseon	Phillipine-Occupied Japan	Korean Empire	Indonesian-Occupied Japan	1
What country is this?	https://ik.imagekit.io/nxir0zmtq/Flags/nicaragua_flag.png?updatedAt=1767639328676	Nicuragua	Hondura	El Salvador	Costa Republic	1
What country is this?	https://ik.imagekit.io/nxir0zmtq/Flags/new_caledonia_flag.png?updatedAt=1767639328628	Caledonia	Mongolia	New Caledonia	New Mongolia	3
What flag is this?	https://ik.imagekit.io/nxir0zmtq/Flags/arab_islamic_republic_flag.png?updatedAt=1767639292223	Arab Muslim Republic	Hebrew Muslim Republic	Hebrew Islamic Republic	Arab Islamic Republic	4
What country is this?	https://ik.imagekit.io/nxir0zmtq/Flags/new_england_flag.png?updatedAt=1767639328627	Ontario	New England	Nova Scotia	NewFoundLand	2
What country is this?	https://ik.imagekit.io/nxir0zmtq/Flags/apartheid_south_africa_flag.png?updatedAt=1767639292075	Union of South Africa	South Africa	Belgian Congo	North Africa	1
What country is this?	https://ik.imagekit.io/nxir0zmtq/Flags/image_2026-01-08_201450990.png	Netherlands	Dutch Republic	Luxembourg	Rosa Luxembourg	1
What country is this?	https://ik.imagekit.io/nxir0zmtq/Flags/abyssinia_flag.png?updatedAt=1767639292545	Mesopotamia	Abyssinia	Fertile Crescent	Persia	2
What country is this?	https://ik.imagekit.io/nxir0zmtq/Flags/nauru_flag.png?updatedAt=1767639328536	Kiribati	Tuvalu	Nauru	Vanuata	3
What alliance is this?	https://ik.imagekit.io/nxir0zmtq/Flags/nato_flag.png?updatedAt=1767639329037	ASEAN	CSTO	BRICS	NATO	4
What country is this?	https://ik.imagekit.io/nxir0zmtq/Flags/montenegrin_kingdom_flag.png?updatedAt=1767639330274	Serbian Kingdom	Montonegrin Kingdom	Russian Empire	Luxembourg	2
What flag is this?	https://ik.imagekit.io/nxir0zmtq/Flags/afghanistan_flag.png?updatedAt=1767639292413	Afghanistan	Taliban	Arab republic	Pashtun	1
What country is this?	https://ik.imagekit.io/nxir0zmtq/Flags/namibia_flag.png?updatedAt=1767639329537	Angola	Zambia	Botswana	Namibia	4
What country is this?	https://ik.imagekit.io/nxir0zmtq/Flags/british_malaya_flag.png?updatedAt=1767639292487	British Dominion of Australia	British Dominion of New Zealand	British Malaya	British Virgin Islands	3
What country is this?	https://ik.imagekit.io/nxir0zmtq/Flags/montenegro_flag.png?updatedAt=1767639328608	Serbia	Montenegro	Serbian Kingdom	Montonegrin Kingdom	2
What country is this?	https://ik.imagekit.io/nxir0zmtq/Flags/mayotte_flag.png?updatedAt=1767639329392	Mayotte	Liechtenstein	Haiti	Portugal	1
What country is this?	https://ik.imagekit.io/nxir0zmtq/Flags/montana_flag.png?updatedAt=1767639328503	North Carolina	Kentucky	Montana	Arizona	3
What country is this?	https://ik.imagekit.io/nxir0zmtq/Flags/mexican_empire_flag.png?updatedAt=1767639328453	Mexico	Mexican Republic	Mexican Empire	Mexican State	3
What country is this?	https://ik.imagekit.io/nxir0zmtq/Flags/ma_clique_flag.png?updatedAt=1767639328444	Turkey	Shangdong Clique	Jin Clique	Ma Clique	4
What country is this?	https://ik.imagekit.io/nxir0zmtq/Flags/mozambique_flag.png?updatedAt=1767639329036	Yacutan	Mozambique	Nicuragua	Zimbabwe	2
What country is this?	https://ik.imagekit.io/nxir0zmtq/Flags/myanmar_flag.png?updatedAt=1767639328395	Myanmar	Malaysia	Mali	Mauritania	1
What country is this?	https://ik.imagekit.io/nxir0zmtq/Flags/montserrat_flag.png?updatedAt=1767639328137	British Malaysia	British Nicuragua	Monseratt	Kalimantan	3
What country is this?	https://ik.imagekit.io/nxir0zmtq/Flags/moldova_flag.png?updatedAt=1767639328270	Legionary Romania	Republic of Moldavia	Romania	Moldova	4
What country is this?	https://ik.imagekit.io/nxir0zmtq/Flags/mexico_flag.png?updatedAt=1767639329055	Mexico	Canada	Mexican Empire	United States	1
What state is this?	https://ik.imagekit.io/nxir0zmtq/Flags/lincoln_flag.png?updatedAt=1767639328361	New Jersey	Jersey	Lincoln	Hawaii	3
What is this?	https://ik.imagekit.io/nxir0zmtq/Flags/alberta_flag.png?updatedAt=1767639292642	Alberta	New England	Colorado	Montserrat	1
What country is this?	https://ik.imagekit.io/nxir0zmtq/Flags/macau_flag.png?updatedAt=1767639327851	Indonesia	China	Kiribati	Macau	4
What is this Country?	https://ik.imagekit.io/nxir0zmtq/Flags/andorra_flag.png?updatedAt=1767639292691	Andorra	Moldova	Romania	Chad	1
What country is this?	https://ik.imagekit.io/nxir0zmtq/Flags/morocco_flag.png?updatedAt=1767639328290	Libya	Morroco	Western Sahara	Ceuta	2
What country is closest to this?	https://ik.imagekit.io/nxir0zmtq/Flags/cuba_flag.png?updatedAt=1767639292679	Panama	United States of America	Peurto Rico	North Cuba	2
What country is this?	https://ik.imagekit.io/nxir0zmtq/Flags/argentinian_kingdom_flag.png?updatedAt=1767639292419	The Kingdoms of Argentina and Paraguay	The kingdom of Pannonia and Azerbaijan	The Kingdom of Araucanía and Patagonia	The kingdoms of Arabia and Palestine	3					
What country is this?	https://ik.imagekit.io/nxir0zmtq/Flags/monaco_flag.png	Singapore	Indonesia	Monaco	Poland	3
What country is this?	https://ik.imagekit.io/nxir0zmtq/Flags/midwest_flag.png	Ontario	Ossetia	Outback	Midwest	4
What country is this?	https://ik.imagekit.io/nxir0zmtq/Flags/mengjiang_flag.png?updatedAt=1767639327456	Guangdong	Guanxi	Mengjiang	Sinkiang	3
What country is this?	https://ik.imagekit.io/nxir0zmtq/Flags/mauritania_flag.png?updatedAt=1767639328226	Kenya	Mali	Western Sahara	Mauritania	4
What country is this?	https://ik.imagekit.io/nxir0zmtq/Flags/madagascar_flag.png	Mauritius	Madagascar	Mali	Benin	2
What country is this?	https://ik.imagekit.io/nxir0zmtq/Flags/mauritius?updatedAt=1768155252313	Mauritius	Mengjiang	Armenia	Vietnam	1
What country is this?	https://ik.imagekit.io/nxir0zmtq/Flags/manchukuo_flag.png?updatedAt=1767639327900	Menguko	Vladivostok	Manchuko	Republic of China	3
What country is this?	https://ik.imagekit.io/nxir0zmtq/Flags/malta_flag.png?updatedAt=1767639327922	Bahrain	Qatar	Dubai	Malta	4
What country is this?	https://ik.imagekit.io/nxir0zmtq/Flags/maldives_flag.png?updatedAt=1767639327481	Ottoman Empire	Maldives	Turkey	Mauritius	2		
What country is this?	https://ik.imagekit.io/nxir0zmtq/Flags/mali_flag.png	Benin	Mali	Burkina Faso	Madagascar	2						
What country is this?	https://ik.imagekit.io/nxir0zmtq/Flags/malaysia_flag.png?updatedAt=1767639328130	Malaysia	Indonesia	Maldives	Phillipines	1		
What country is this?	https://ik.imagekit.io/nxir0zmtq/Flags/malawi_flag.png?updatedAt=1767639327319	Uganda	Pan-Africanism	Central African Republic	Malawi	4
What country is this?	https://ik.imagekit.io/nxir0zmtq/Flags/majapahit_empire_flag.png?updatedAt=1767639329040	Empire of Guinea	Majahapit Empire	Malaysian Socialist States	Indonesian Republic	2
What country is this?	https://ik.imagekit.io/nxir0zmtq/Flags/lodomeria_flag.png?updatedAt=1767639327273	Lodomeria	Monaco	Indonesia	Poland	1
What country is this?	https://ik.imagekit.io/nxir0zmtq/Flags/liberia_flag.png?updatedAt=1767639327278	United States of America	Thirteen Colonies	Liberia	Guinea Bissau	3
What country is this?	https://ik.imagekit.io/nxir0zmtq/Flags/luxembourg_flag.png	Belgium	Netherlands	Wallonia	Luxembourg	4
What country is this?	https://ik.imagekit.io/nxir0zmtq/Flags/lithuania_flag.png	Estonia	Lithuania	Latvia	Memel	2
What country is this?	https://ik.imagekit.io/nxir0zmtq/Flags/lithuanian_kingdom_flag.png	Kingdom of Lithuania	Kingdom of Lativa	Kingdom of Estonia	Memelian Kingdom	1
What country is this?	https://ik.imagekit.io/nxir0zmtq/Flags/libya_flag.png?updatedAt=1767639327233	Cyrenaica	Algeria	Libya	Chad	3
What country is this?	https://ik.imagekit.io/nxir0zmtq/Flags/liechtenstein_flag.png?updatedAt=1767639327214	Monaco	The Vatican	Kingdom of Switzerland	Liechtenstein	4
What country is this?	https://ik.imagekit.io/nxir0zmtq/Flags/lesotho_flag.png?updatedAt=1767639327762	Sierra Leone	Lesotho	Cameroon	Nigeria	2
What country is this?	https://ik.imagekit.io/nxir0zmtq/Flags/legionary_romania_flag.png?updatedAt=1767639328449	Hellenic Republic	Tiso's Slovakia	Legionary Romania	Protectorate of Bohemia and Moravia	3
What country is this?	https://ik.imagekit.io/nxir0zmtq/Flags/legation_cities_flag.png?updatedAt=1767639328131	Chinese Concessions	Flag of the African Colonies	Japanese Allied Protectorate	Legation Cities	4
What country is this?	https://ik.imagekit.io/nxir0zmtq/Flags/lebanon_flag.png?updatedAt=1767639327502	Syria	Lebanon	Austrian Republic	Federal Republic of Austria	2
What country is this?	https://ik.imagekit.io/nxir0zmtq/Flags/latvia_flag.png	Latvia	Lithuania	Russia	Estonia	1
What country is this?	https://ik.imagekit.io/nxir0zmtq/Flags/laos_flag.png?updatedAt=1767639326932	Cambodia	Phillipines	Laos	Malaysia	3
What country is this?	https://ik.imagekit.io/nxir0zmtq/Flags/kyrgyzstan_flag.png?updatedAt=1767639327771	Tajikistan	Turkmenistan	Kazakhstan	Kyrgyzstan	4
What country is this?	https://ik.imagekit.io/nxir0zmtq/Flags/kuwait_flag.png?updatedAt=1767639326907	Palestine	Kuwait	Jordan	United Arab Emirates	2
What country is this?	https://ik.imagekit.io/nxir0zmtq/Flags/kumul_khanate_flag.png?updatedAt=1767639327641	Shangdong Khanate	Kumul Khanate	Tharn Khanate	Ma Khanate	2
What country is this?	https://ik.imagekit.io/nxir0zmtq/Flags/kurdistan_flag.png?updatedAt=1767639328444	Kurdistan	Kazakhstan	Tajikistan	Kyrgyztan	1
What country is this?	https://ik.imagekit.io/nxir0zmtq/Flags/kingdom_of_hungary_flag.png?updatedAt=1767639327056	Kingdom of Hungary	Kingdom of Albania	Kingdom of Austria	Kingdom of Romania	1
What country is this?	https://ik.imagekit.io/nxir0zmtq/Flags/kosovo_flag.png?updatedAt=1767639326771	Serbia	Albania	Kosovo	Croatia	3
What country is this?	https://ik.imagekit.io/nxir0zmtq/Flags/kingdom_of_greece_flag.png?updatedAt=1767639326750	Greek Republic	Hellenic Republic	Kingdom of Greece	Greko-Roman Pact	3				
What country is this?	https://ik.imagekit.io/nxir0zmtq/Flags/kingdom_of_albania_flag.png?updatedAt=1767639327520	Republic of Serbia	Albanian Kingdom	Western Roman Empire	Eastern Roman Empire	2
What country is this?	https://ik.imagekit.io/nxir0zmtq/Flags/khiva_flag.png?updatedAt=1767639327244	Khiva	Kenya	Libya	Cyrenaica	1
What country is this?	https://ik.imagekit.io/nxir0zmtq/Flags/kenya_flag.png?updatedAt=1767639326566	Tanzania	Uganda	Kenya	Ethiopia	3
What country is this?	https://ik.imagekit.io/nxir0zmtq/Flags/kazakhstan_flag.png?updatedAt=1767639322120	Tajikistan	Kyrgyztan	Kazakhstan	Uzbekistan	3
What country is this?	https://ik.imagekit.io/nxir0zmtq/Flags/kampuchea_flag.png?updatedAt=1767639321541	Cambodia	Vietnam	Sinkiang	Kampuchea	4
What country is this?	https://ik.imagekit.io/nxir0zmtq/Flags/jordan_flag.png?updatedAt=1767639321632	Palestine	Jordan	Western Sahara	United Arab Emirates	2
What country is this?	https://ik.imagekit.io/nxir0zmtq/Flags/jewish_oblast_flag.png?updatedAt=1767639321357	Korean Republic	Jewish Oblast	Siberian Socialist State	Islamic Arab Republic	2
What country is this?	https://ik.imagekit.io/nxir0zmtq/Flags/japan_flag.png?updatedAt=1767639312968	Japan	Malaysia	Indonesia	Phillipines	1
What country is this?	https://ik.imagekit.io/nxir0zmtq/Flags/japanese_state_flag.png?updatedAt=1767639312298	The Rising Sun	Great Indonesian Empire	Empire of Great Japan	Majahapit Empire	3
What country is this?	https://ik.imagekit.io/nxir0zmtq/Flags/indian_ocean_flag.png?updatedAt=1767639312686	British Polonesian Islands	British Raj	British Carribean Islands	British Indian Ocean	4
What country is this?	https://ik.imagekit.io/nxir0zmtq/Flags/illinois_flag.png?updatedAt=1767639312327	North Dakota	Illinois	Minnesota	Missisipi	2
What country is this?	https://ik.imagekit.io/nxir0zmtq/Flags/great_qing_flag.png?updatedAt=1767639312585	Great Qing	Song Dyansty	Chinese Empire	Ming Dynasty	1
What country is this?	https://ik.imagekit.io/nxir0zmtq/Flags/irish_kingdom_flag.png?updatedAt=1767639312516	Hellenic State of Crete	Republic of Northern Africa	Kingdom of Ireland	Scottish Republic	3
What country is this?	https://ik.imagekit.io/nxir0zmtq/Flags/francoist_spain_flag.png?updatedAt=1767639311923	Republican Spain	Facist Republic of Spain	States of Latin America	Francoist Spain	4
What country is this?	https://ik.imagekit.io/nxir0zmtq/Flags/greater_hungary_flag.png?updatedAt=1767639313464	Austrian Empire	Greater Hungary	Croatian Kingdom	Illyria	2
What country is this?	https://ik.imagekit.io/nxir0zmtq/Flags/flanders_flag.png?updatedAt=1767639312392	Flanders	Belgian Kingdom	Dutch Empire	Wallonia	1
What country is this?	https://ik.imagekit.io/nxir0zmtq/Flags/illyria_flag.png?updatedAt=1767639312097	Illyria	Dutch Monarchy	Wallonia	Flanders	1
What country is this?	https://ik.imagekit.io/nxir0zmtq/Flags/grenada_flag.png?updatedAt=1767639312566	Grenada	Central African Republic	Togo	Ethiopia	1
What country is this?	https://ik.imagekit.io/nxir0zmtq/Flags/guadeloupe_flag.png?updatedAt=1767639312040	French Guyana	Malaysian Federation	Guadeloupe	Phillipine Republic	3
What country is this?	https://ik.imagekit.io/nxir0zmtq/Flags/german_republic_flag.png?updatedAt=1767639311964	Eastern Germany	German Socialist Republic	Socialist Republic of Germany	German Democratic Republic	4
What country is this?	https://ik.imagekit.io/nxir0zmtq/Flags/italian_east_africa_flag.png?updatedAt=1767639311936	Italian Ethiopia	Italian East Africa	Italian Cyrenaica	Italian Eritrea	2
What country is this?	https://ik.imagekit.io/nxir0zmtq/Flags/italian_empire_flag.png?updatedAt=1767639311909	French Carribean Holdings	Kingdom of Italy	Italian Republic	Italian Empire	2
What country is this?	https://ik.imagekit.io/nxir0zmtq/Flags/israel_flag.png?updatedAt=1767639311891	Israel	Palestinian State	Levantite Union	Jewish Oblast	1
What country is this?	https://ik.imagekit.io/nxir0zmtq/Flags/iran_flag.png?updatedAt=1767639311548	Persia	Perisan Empire	Iran	Iraq	3
What country is this?	https://ik.imagekit.io/nxir0zmtq/Flags/hungarian_republic_flag.png?updatedAt=1767639311647	Democratic Peoples Republic of Hungary	Peoples Republic of Hungary	Democratic Republic of Hungary	Hungarians Peoples Republic	4
What country is this?	https://ik.imagekit.io/nxir0zmtq/Flags/hawaii_flag.png?updatedAt=1767639311358	California	Haiwaii	North Dakota	Alaska	2
What country is this?	https://ik.imagekit.io/nxir0zmtq/Flags/hong_kong_flag.png?updatedAt=1767639311354	Hong Kong	Macua	Chinese Republic	Nepal	1
What country is this?	https://ik.imagekit.io/nxir0zmtq/Flags/guyana_flag.png?updatedAt=1767639311625	Grenada	Guinea	Guyana	Ghana	3
What country is this?	https://ik.imagekit.io/nxir0zmtq/Flags/guangxi_clique_flag.png?updatedAt=1767639311623	Ma Clique	Guanxi Clique	Yunnan Clique	Shangdong Clique	2
What country is this?	https://ik.imagekit.io/nxir0zmtq/Flags/guatemala_flag.png?updatedAt=1767639311351	Guatemala	Panama	Nicuragua	El Salvador	1
What country is this?	https://ik.imagekit.io/nxir0zmtq/Flags/french_empire_flag.png?updatedAt=1767639311139	Kingdom of Italy	Kingdom of Austria	Kingdom of France	Kingdom of Cornwall	3
What country is this?	https://ik.imagekit.io/nxir0zmtq/Flags/french_polynesia_flag.png?updatedAt=1767639311885	Nunavut	Austrian Bosnia	Yacutan	French Polynesia	4
What country is this?	https://ik.imagekit.io/nxir0zmtq/Flags/japanese_empire_flag.png?updatedAt=1767639311051	Malaysia	Japan	Palau	South Korea	2				
What country is this?	https://ik.imagekit.io/nxir0zmtq/Flags/jabal_shammar_flag.png?updatedAt=1767639310992	Jabal Shamar	Socialist State of Georgia	Ma Clique	Nahid Shamir	1
What country is this?	https://ik.imagekit.io/nxir0zmtq/Flags/ivory_coast_flag.png	Ireland	Northern Ireland	Ivory Coast	The Republic of Côte d'Ivoire	4
What country is this?	https://ik.imagekit.io/nxir0zmtq/Flags/italy_flag.png	Switzerland	Austria	Sicily	Italy	4
What country is this?	https://ik.imagekit.io/nxir0zmtq/Flags/ireland_flag.png	Austria	Ireland	Switzerland	Cote d'ivoire	2		
What country is this?	https://ik.imagekit.io/nxir0zmtq/Flags/iraqi_kingdom_flag.png?updatedAt=1767639310738	Kingdom of Iraqi	Kingdom of Arabia	Kingdom of Jordan	Mandatory Palestine	1
What country is this?	https://ik.imagekit.io/nxir0zmtq/Flags/iraq_flag.png?updatedAt=1767639310749	Iran	Syria	Iraq	Kingdom of Jordan	3
What country is this?	https://ik.imagekit.io/nxir0zmtq/Flags/indonesia_flag.png	Poland	Lodomeria	Monaco	Indonesia	4			
What country is this?	https://ik.imagekit.io/nxir0zmtq/Flags/india_flag.png?updatedAt=1767639311445	Nepal	India	Sri Lanka	Bhutan	2
What country is this?	https://ik.imagekit.io/nxir0zmtq/Flags/independent_croatia_flag.png?updatedAt=1767639310575	Independent State of Croatia	Slovak Republic	Republic of Bohemia and Moravia	Government of National Salvation	1
What country is this?	https://ik.imagekit.io/nxir0zmtq/Flags/iceland_flag.png	Greenland	Svalbard	Iceland	Jan Mayen	3
What country is this?	https://ik.imagekit.io/nxir0zmtq/Flags/hungary_flag.png	Austria	Croatia	Hungary	Slovenia	3
What country is this?	https://ik.imagekit.io/nxir0zmtq/Flags/hunan_clique_flag.png?updatedAt=1767639311205	Shangdong Clique	Guanxi Clique	Yunnan Clique	Hunnan Clique	4
What country is this?	https://ik.imagekit.io/nxir0zmtq/Flags/honduras_flag.png?updatedAt=1767639311162	Nicuragua	Honduras	El Salvador	Guatamala	2
What country is this?	https://ik.imagekit.io/nxir0zmtq/Flags/haiti_flag.png?updatedAt=1767639310384	Haiti	Mayotte	Dominica	Liechtenstein	1
What country is this?	https://ik.imagekit.io/nxir0zmtq/Flags/guinea_flag.png	Mali	Benin	Guinea	Madagascar	3
What country is this?	https://ik.imagekit.io/nxir0zmtq/Flags/guinea_bissau_flag.png?updatedAt=1767639310291	Malian Kingdom	Benin Republic	Madagascan Union	Guinea Bissau	4
What country is this?	https://ik.imagekit.io/nxir0zmtq/Flags/greenland_flag.png?updatedAt=1767639310694	Svalbard	Greenland	Faroe Islands	Iceland	2
What country is this?	https://ik.imagekit.io/nxir0zmtq/Flags/great_lakes_flag.png?updatedAt=1767639310698	Great Lakes	Quebec	Nunavut	Alaska	1
What country is this?	https://ik.imagekit.io/nxir0zmtq/Flags/greece_flag.png	Constantinople	Turkey	Greece	Bulgaria	3
What country is this?	https://ik.imagekit.io/nxir0zmtq/Flags/great_britain_flag.png?updatedAt=1767639310661	England	United Kingdom	British Empire	Great Britain	3
What country is this?	https://ik.imagekit.io/nxir0zmtq/Flags/greater_finland_flag.png?updatedAt=1767639310843	Finnish Republic	Finnish Kingdom	Finnish Comunist Revolutionaries	Greater Finland	4
What country is this?	https://ik.imagekit.io/nxir0zmtq/Flags/ghana_flag.png?updatedAt=1767639310562	Guinea	Ghana	Senegal	Mali	2
What country is this?	https://ik.imagekit.io/nxir0zmtq/Flags/german_empire_flag.png	German Empire	Oman	Yemen	Egypt	1
What country is this?	https://ik.imagekit.io/nxir0zmtq/Flags/germany_flag.png	France	Austria	Germany	Denmark	3
What country is this?	https://ik.imagekit.io/nxir0zmtq/Flags/georgia_flag.png?updatedAt=1767639310932	Azerbijan	Armenia	Iran	Georgia	4
What country is this?	https://ik.imagekit.io/nxir0zmtq/Flags/french_guiana_flag.png?updatedAt=1767639310688	Guiana	Suriname	South Sandwich Islands	French Guiana	4
What country is this?	https://ik.imagekit.io/nxir0zmtq/Flags/gambia_flag.png	Cameroon	Senegal	Tanzania	Gambia	4
What country is this?	https://ik.imagekit.io/nxir0zmtq/Flags/gabon_flag.png	Cameroon	Gabon	Congo	Cambodia	2
What country is this?	https://ik.imagekit.io/nxir0zmtq/Flags/argentina_flag.png?updatedAt=1767639292695	Argentina	Uruguay	Honduras	Nicaragua	1				
What country is this?	https://ik.imagekit.io/nxir0zmtq/Flags/german_reich_flag.png?updatedAt=1767639311918	German Reich	Danubian Federation	Polish Kingdom	Austrian Empire	1
What country is this?	https://ik.imagekit.io/nxir0zmtq/Flags/french_antarctica_flag.png?updatedAt=1767639310378	French Kurgullen	French Crozet	French St Paul	French Antarctica	4
What country is this?	https://ik.imagekit.io/nxir0zmtq/Flags/free_russia_flag.png?updatedAt=1767639310569	Nationalist Ukraine	Free Russia	Federal Republic of Latvia	Blue Ruthenia	2
What country is this?	https://ik.imagekit.io/nxir0zmtq/Flags/free_france_flag.png?updatedAt=1767639310251	French Second Republic	Orthodox State of France	Christian Kingdom of Francia	Free France	4
What country is this?	https://ik.imagekit.io/nxir0zmtq/Flags/france_flag.png	French First Republic	French Republic	French Second Republic	French Third Republic	2
What country is this?	https://ik.imagekit.io/nxir0zmtq/Flags/finnish_kingdom_flag.png?updatedAt=1767639310430	Finnish Kingdom	Norwegian Swedish Union	First Portugese Kingdom	Kalmar Union	1
What country is this?	https://ik.imagekit.io/nxir0zmtq/Flags/finland_flag.png?updatedAt=1767639310186	Denmark	Sweden	Finland	Norway	3
What country is this?	https://ik.imagekit.io/nxir0zmtq/Flags/fiji_flag.png?updatedAt=1767639310704	Indian Ocean	Vanuatu	British Raj	Fiji	4
What country is this?	https://ik.imagekit.io/nxir0zmtq/Flags/ethiopia_flag.png?updatedAt=1767639310438	Eritrea	Ethiopia	Djibouti	Somalia	2
What country is this?	https://ik.imagekit.io/nxir0zmtq/Flags/eswatini_flag.png?updatedAt=1767639310431	Eswatini	Djibouti	Lesotho	Kenya	1
What country is this?	https://ik.imagekit.io/nxir0zmtq/Flags/eritrea_flag.png?updatedAt=1767639310659	Ethiopia	Djibouti	Eritrea	Lesotho	3
What country is this?	https://ik.imagekit.io/nxir0zmtq/Flags/el_salvador_flag.png?updatedAt=1767639310362	Costa Rica	Guatamala	Nicuragua	El Salvador	4
What country is this?	https://ik.imagekit.io/nxir0zmtq/Flags/egypt_flag.png?updatedAt=1767639310376	German Empire	Egypt	Oman	Yemen	2
What country is this?	https://ik.imagekit.io/nxir0zmtq/Flags/ecuador_flag.png?updatedAt=1767639310317	Ecuador	Columbia	Venezuela	Peru	1
What country is this?	https://ik.imagekit.io/nxir0zmtq/Flags/estonia_flag.png	Estonia	Latvia	Lithuania	Kaliningrad	1
What country is this?	https://ik.imagekit.io/nxir0zmtq/Flags/equatorial_guinea_flag.png?updatedAt=1767639309958	Gambia	Congo	Equatorial Guinea	Angola	3
What country is this?	https://ik.imagekit.io/nxir0zmtq/Flags/england_flag.png?updatedAt=1767639309941	Wales	Scotland	Ireland	England	4
What country is this?	https://ik.imagekit.io/nxir0zmtq/Flags/egyptian_kingdom_flag.png?updatedAt=1767639310371	Turkish Caliphate	Egyptian Caliphate	Kurdish Caliphate	Morrocan Caliphate	2
What country is this?	https://ik.imagekit.io/nxir0zmtq/Flags/democratic_republic_of_the_congo_flag.png?updatedAt=1767639310094	Democratic Republic of the Congo	Cameroon	Central African Republic	Tanzanian Republic	1
What country is this?	https://ik.imagekit.io/nxir0zmtq/Flags/denmark_flag.png	Norway	Sweden	Denmark	Iceland	3
What country is this?	https://ik.imagekit.io/nxir0zmtq/Flags/djibouti_flag.png?updatedAt=1767639309824	Eritrea	Yemen	Somalia	Djibouti	4
What country is this?	https://ik.imagekit.io/nxir0zmtq/Flags/east_timor_flag.png?updatedAt=1767639310055	Papau New Guinea	East Timor	Malaysia	Indonesia	2
What country is this?	https://ik.imagekit.io/nxir0zmtq/Flags/danzig_flag.png?updatedAt=1767639310299	Free City of Danzig	Warsaw Pact	Memelian Kingdom	Kaliningrad	1
What country is this?	https://ik.imagekit.io/nxir0zmtq/Flags/dominica_flag.png?updatedAt=1767639310152	Dominican Republic	Haiti	Dominica	St Vincent and the Grenadines	3
What country is this?	https://ik.imagekit.io/nxir0zmtq/Flags/czech_republic_flag.png?updatedAt=1767639309685	Slovenia	Slovakia	Croatia	Czechia	4
What country is this?	https://ik.imagekit.io/nxir0zmtq/Flags/dominican_republic_flag.png?updatedAt=1767639309675	Haiti	Dominican Republic	St Vincent and the Grenadines	Dominica	2
What country is this?	https://ik.imagekit.io/nxir0zmtq/Flags/dominion_of_canada_flag.png?updatedAt=1767639310140	Dominion of Canada	Dominion of New Zealand	Dominion of Australia	Dominion of South Africa	1
What country is this?	https://ik.imagekit.io/nxir0zmtq/Flags/dutch_east_indies_flag.png?updatedAt=1767639309978	Dutch Carribean Territories	Dutch Suriname	Dutch East Indies	Dutch Manila	3
What country is this?	https://ik.imagekit.io/nxir0zmtq/Flags/belize_flag.png?updatedAt=1767639294782	Costa Rica	Haiti	Dominica	Belize	4
What country is this?	https://ik.imagekit.io/nxir0zmtq/Flags/brazilian_empire_flag.png?updatedAt=1767639293991	Peru-Bolivian Commonwealth	Brazilian Empire	Spanish Empire	Portugese Empire	2
What country is this?	https://ik.imagekit.io/nxir0zmtq/Flags/bohemia_flag.png?updatedAt=1767639294260	Bohemia	Flanders	Walonia	Friesland	1
What country is this?	https://ik.imagekit.io/nxir0zmtq/Flags/california_flag.png?updatedAt=1767639293944	Utah	North Dakota	California Republic	Minnisota	3
What country is this?	https://ik.imagekit.io/nxir0zmtq/Flags/bukhara_flag.png?updatedAt=1767639293676	Chhattisgarh	Himachal Pradesh	Nagaland	Bukhara	4
What country is this?	https://ik.imagekit.io/nxir0zmtq/Flags/bhutan_flag.png?updatedAt=1767639293893	Nepal	Bhutan	Bukhara	Bangladesh	2
What country is this?	https://ik.imagekit.io/nxir0zmtq/Flags/british_raj_flag.png?updatedAt=1767639293862	British Raj	British Vanuatu	British Fiji	British Indian Ocean	1
What country is this?	https://ik.imagekit.io/nxir0zmtq/Flags/carlist_spain_flag.png?updatedAt=1767639293580	Republican Spain	Spanish Republic	Carlist Spain	Republic of Spain	3
What country is this?	https://ik.imagekit.io/nxir0zmtq/Flags/costa_rica_flag.png?updatedAt=1767639293822	El Salvador	Guatemala	Belize	Costa Rica	4
What country is this?	https://ik.imagekit.io/nxir0zmtq/Flags/afghan_kingdom_flag.png?updatedAt=1767639293814	Kingdom of Syria	Kingdom of Afghanistan	Kingdom of Hejaz and Nejd	Kingdom of Iraq	2
What country is this?	https://ik.imagekit.io/nxir0zmtq/Flags/canary_islands_flag.png?updatedAt=1767639293510	Canary Islands	Cabo Verde	Marshall Islands	Micronesia	1
What country is this?	https://ik.imagekit.io/nxir0zmtq/Flags/borneo_flag.png?updatedAt=1767639293489	Riau	Papau	Borneo	Lampung	3
What country is this?	https://ik.imagekit.io/nxir0zmtq/Flags/cambodia_flag.png?updatedAt=1767639293716	Laos	Kampuchea	Thailand	Cambodia	4
What country is this?	https://ik.imagekit.io/nxir0zmtq/Flags/byelorussian_ssr_flag.png?updatedAt=1767639293702	Soviet Ukraine	Soviet Baltics	Soviet Kazakhstan	Soviet Belarus	4
What country is this?	https://ik.imagekit.io/nxir0zmtq/Flags/burundi_flag.png?updatedAt=1767639293460	Niger	Burundi	Mauritania	Grenada	2
What country is this?	https://ik.imagekit.io/nxir0zmtq/Flags/british_south_africa_flag.png?updatedAt=1767639293689	Dominion of South Africa	Dominion of Australia	Dominion of Canada	Dominion of New Zealand	1
What country is this?	https://ik.imagekit.io/nxir0zmtq/Flags/bosnia_and_herzegovina_flag.png?updatedAt=1767639293691	Serbia	Kosovo	Bosnia and Herzegovinia	Croatia	3
What country is this?	https://ik.imagekit.io/nxir0zmtq/Flags/cabo_verde_flag.png?updatedAt=1767639293448	European Union	Spanish Cueta	Canary Islands	Cabo Verde	4
What country is this?	https://ik.imagekit.io/nxir0zmtq/Flags/bulgarian_empire_flag.png?updatedAt=1767639293703	Romanian Empire	Bulgarian Empire	Ottoman Empire	Slavic Empire	2
What country is this?	https://ik.imagekit.io/nxir0zmtq/Flags/bolivia_flag.png?updatedAt=1767639293626	Bolivia	Ecuador	Paraguay	Peru	1
What country is this?	https://ik.imagekit.io/nxir0zmtq/Flags/brazil_flag.png?updatedAt=1767639293558	Ecaudor	Paraguay	Brazil	Bolivia	3
What country is this?	https://ik.imagekit.io/nxir0zmtq/Flags/belarus_flag.png?updatedAt=1767639293288	Kaliningrad	Ukraine	Memel	Belarus	4
What country is this?	https://ik.imagekit.io/nxir0zmtq/Flags/bharatiya_flag.png?updatedAt=1767639293483	Japanese Indonesia	Japanese India	Japanese Menchuko	Japanese Phillipines	2
What country is this?	https://ik.imagekit.io/nxir0zmtq/Flags/basque_country_flag.png?updatedAt=1767639293414	Basque Country	Transamur	Cornwall	East Anglia	1
What country is this?	https://ik.imagekit.io/nxir0zmtq/Flags/bavaria_flag.png?updatedAt=1767639293417	Baden	Nerumberg	Bavaria	East Prussia	3
What country is this?	https://ik.imagekit.io/nxir0zmtq/Flags/austria_hungary_flag.png?updatedAt=1767639293411	Hungarian Empire	Kingdom of Serbia	Austrian Empire	Austria Hungary	4
What country is this?	https://ik.imagekit.io/nxir0zmtq/Flags/austrian_state_flag.png?updatedAt=1767639293121	Hungarian Republic	German Empire	Socialist Republic of Romania	Federal Republic of Austria	4
What country is this?	https://ik.imagekit.io/nxir0zmtq/Flags/australian_kingdom_flag.png?updatedAt=1767639293103	Dominion of Canada	Dominion of Australia	Dominion of South Africa	Dominion of New Zealand	2
What Alliance is this?	https://ik.imagekit.io/nxir0zmtq/Flags/csto_flag.png?updatedAt=1767639293079	CSTO	BRICS	NATO	ASEAN	1
What country is this?	https://ik.imagekit.io/nxir0zmtq/Flags/australia_flag.png?updatedAt=1767639293323	New Zealand	Canada	Australia	Hawai	3
What country is this?	https://ik.imagekit.io/nxir0zmtq/Flags/croatia_flag.png?updatedAt=1767639293003	Slovenia	Czechia	Croatia	Bosnia	3
What country is this?	https://ik.imagekit.io/nxir0zmtq/Flags/cyprus_flag.png?updatedAt=1767639293001	Monaco	Dubai	Turkey	Cyprus	4
What country is this?	https://ik.imagekit.io/nxir0zmtq/Flags/cornwall_flag.png?updatedAt=1767639292999	Basque Country	Cornwall	Checnya	Transamur	2
What country is this?	https://ik.imagekit.io/nxir0zmtq/Flags/congo_flag.png?updatedAt=1767639293700	Congo	Tanzania	Cameroon	Kenya	1
What country is this?	https://ik.imagekit.io/nxir0zmtq/Flags/communist_chile_flag.png?updatedAt=1767639292925	Texas	Ecuador	Chile	Utah	3
What country is this?	https://ik.imagekit.io/nxir0zmtq/Flags/chechnya_flag.png?updatedAt=1767639292880	Kurdistan	Belarus	Tajikistan	Chechnya	4
What country is this?	https://ik.imagekit.io/nxir0zmtq/Flags/china_flag.png?updatedAt=1767639293416	Vietnam	Peoples Republic of China	Myanmar	India	2
What country is this?	https://ik.imagekit.io/nxir0zmtq/Flags/central_african_republic_flag.png?updatedAt=1767639292882	Democratic Republic of the Congo	Republic of the Congo	Central African Republic	South Africa	3
What country is this?	https://ik.imagekit.io/nxir0zmtq/Flags/central_america_flag.png?updatedAt=1767639292870	South American Republic	North American Republic	Carribean Republic	Central American Republic	4
What country is this?	https://ik.imagekit.io/nxir0zmtq/Flags/chad_flag.png	Moldova	Chad	Transnsitrian Republic	Romania	2
What country is this?	https://ik.imagekit.io/nxir0zmtq/Flags/catalonia_flag.png?updatedAt=1767639292793	Catalonia	Biscay	Barcelona	Toledo	1
What country is this?	https://ik.imagekit.io/nxir0zmtq/Flags/cameroon_flag.png?updatedAt=1767639293290	Mali	Senegal	Cameroon	Gambia	3
What country is this?	https://ik.imagekit.io/nxir0zmtq/Flags/canada_flag.png?updatedAt=1767639292792	Greenland	United States of America	Cuba	Canada	4
What country is this?	https://ik.imagekit.io/nxir0zmtq/Flags/burma_flag.png?updatedAt=1767639293808	Samoa	Burma	Myanmar	National Republic of China	2
What country is this?	https://ik.imagekit.io/nxir0zmtq/Flags/bulgaria_flag.png	Bulgaria	Greece	Romania	Turkey	1
What country is this?	https://ik.imagekit.io/nxir0zmtq/Flags/burgundy_flag.png	Maryland	French Empire	Burgundy	Catalonia	3
What country is this?	https://ik.imagekit.io/nxir0zmtq/Flags/bulgarian_republic_flag.png?updatedAt=1767639293044	Peoples Republic of Romania	Peoples Republic of China	Peoples Republic of Poland	Peoples Republic of Bulgaria	4
What country is this?	https://ik.imagekit.io/nxir0zmtq/Flags/brittany_flag.png?updatedAt=1767639292430	Burgundy	Brittany	Cornwall	Catalonia	2
What country is this?	https://ik.imagekit.io/nxir0zmtq/Flags/botswana_flag.png	Botswana	Tanzania	Zambia	Namibia	1
What country is this?	https://ik.imagekit.io/nxir0zmtq/Flags/bahrain_flag.png?updatedAt=1767639292686	Qatar	Yemen	Bahrain	Oman	3
What country is this?	https://ik.imagekit.io/nxir0zmtq/Flags/barbados_flag.png?updatedAt=1767639292665	Antigua and Barbuda	Haiti	St Lucia	Barbados	4
What country is this?	https://ik.imagekit.io/nxir0zmtq/Flags/bohemian_protectorate_flag.png	Independent State of Croatia	Government of National Salvation	Protectorate of Bohemia and Moravia	Lokot Autonomy	3
What country is this?	https://ik.imagekit.io/nxir0zmtq/Flags/belgium_flag.png	Luxembourg	Netherlands	France	Belgium	4
What country is this?	https://ik.imagekit.io/nxir0zmtq/Flags/bangladesh_flag.png?updatedAt=1767639292830	Pakistan	Bangladesh	Myanmar	Burma	2
What country is this?	https://ik.imagekit.io/nxir0zmtq/Flags/beiyang_china_flag.png	Republic of China	Beiyang Fleet	National Republic of China	Enseing of Chinese Customs	1
What country is this?	https://ik.imagekit.io/nxir0zmtq/Flags/benin_flag.png	Mali	Gambia	Benin	Cameroon	3
What country is this?	https://ik.imagekit.io/nxir0zmtq/Flags/austria_flag.png	Switzerland	Italy	Slovenia	Austria	4
What country is this?	https://ik.imagekit.io/nxir0zmtq/Flags/baltic_duchy_flag.png	Norwiegan Kingdom	Baltic Duchy	Teutonic Order	Swedish Union	2
What country is this?	https://ik.imagekit.io/nxir0zmtq/Flags/baden_flag.png	Baden	Wurrtemberg	Bavaria	Brandenburg	1
What country is this?	https://ik.imagekit.io/nxir0zmtq/Flags/azerbaijan_flag.png?updatedAt=1767639292512	Georgia	Armenia	Azerbijan	Tehran	3
What country is this?	https://ik.imagekit.io/nxir0zmtq/Flags/brunei_flag.png?updatedAt=1767639293241	Belize	Costa Rica	Honduras	Brunei	4
What country is this?	https://ik.imagekit.io/nxir0zmtq/Flags/aussa_flag.png	Austria	Aussa	Australia	Oman	2
What country is this?	https://ik.imagekit.io/nxir0zmtq/Flags/chosen_flag.png?updatedAt=1767639292233	Japanese Korea	Japanese Phillipines	Japanese Menchuko	JapaneseIndonesia	1
What country is this?	https://ik.imagekit.io/nxir0zmtq/Flags/wales_border.png	Northern Ireland	East Anglia	Wales	Cornwall	3
What country is this?	https://ik.imagekit.io/nxir0zmtq/Flags/white_russia_border.png	United Soviet Socialist Republic	Holy Roman Empire	Russia	Russian Empire	4
What country is this?	https://ik.imagekit.io/nxir0zmtq/Flags/yunnan_clique_border.png	Shangdong Clique	Yunnan Clique	Guanxi Clique	Fengtian Clique	2
What country is this?	https://ik.imagekit.io/nxir0zmtq/Flags/zambia_border.png	Zambia	Nambia	Botswana	Zimbabwe	1
What country is this?	https://ik.imagekit.io/nxir0zmtq/Flags/vietnamese_republic_border.jpg	Loas	Florida	Cambodia	South Vietnam	4
What country is this?	https://ik.imagekit.io/nxir0zmtq/Flags/western_sahara_border.jpg	Jordan	Western Sahara	United Arab Emirates	Palestine	2
What country is this?	https://ik.imagekit.io/nxir0zmtq/Flags/vietnam_border.png	Vietnam	Cambodia	Peoples Republic of China	Myanmar	1
What country is this?	https://ik.imagekit.io/nxir0zmtq/Flags/xinjiang_flag.png	Micronesia	Somalia	Xinjiang	Turkey	3
What country is this?	https://ik.imagekit.io/nxir0zmtq/Flags/yemeni_kingdom_border.png	Kuwait	Omani Empire	Nejd and Hejaz	Yemmeni Kingdom	4
What country is this?	https://ik.imagekit.io/nxir0zmtq/Flags/zimbabwe_border.jpg	Mozambique	Zimbabwe	Zambia	Burkina Faso	2
What country is this?	https://ik.imagekit.io/nxir0zmtq/Flags/united_states_border.jpg	United States of America	Liberia	United Kingdom	United Arab Emirates	1
What is this?	https://ik.imagekit.io/nxir0zmtq/Flags/utah_border.png	Nevada	California	Utah	Minnesota	3
What country is this?	https://ik.imagekit.io/nxir0zmtq/Flags/vatican_city_border.jpg	Kingdom of Italy	San Marino	Monaco	Vatican City	4
What country is this?	https://ik.imagekit.io/nxir0zmtq/Flags/vanuata_border.jpg	Zimbabwe	Vanuatu	Mozambique	Angola	2
What country is this?	https://ik.imagekit.io/nxir0zmtq/Flags/united_kingdom_border.png	England	British Empire	United Kingdom	Great Britain	3
What country is this?	https://ik.imagekit.io/nxir0zmtq/Flags/uruguay_border.png	Argentina	Panama	Paraguay	Uruguay	4
What country is this?	https://ik.imagekit.io/nxir0zmtq/Flags/venezuela_border.png	Colubmia	Venezuela	Guyana	Ecuador	2
What country is this (in green)?	https://ik.imagekit.io/nxir0zmtq/Flags/vichy_france_border.png	Vichy France	German Empire	France	Salo Republic	1
What country is this?	https://ik.imagekit.io/nxir0zmtq/Flags/uzbekistan_border.png	Pakistan	Tajikistan	Uzbekistan	Turkmenistan	3
What country is this?	https://ik.imagekit.io/nxir0zmtq/Flags/turkmenistan_border.png	Uzbekistan	Pakistan	Kyrgystan	Turkmenistan	4
What country is this?	https://ik.imagekit.io/nxir0zmtq/Flags/tuvalu_border.jpg	Fiji	Tuvalu	Nauru	Marshall Islands	2
What country is this?	https://ik.imagekit.io/nxir0zmtq/Flags/trinidad_and_tobago_borders.png	Saint Kitts and Nevis	Saint Vincent and the Grenadines	Trinidad and Tobago	Democratic Republic of the Congo	3
What country is this?	https://ik.imagekit.io/nxir0zmtq/Flags/uganda_border.png	Zambia	Trinidad and Tobago	Namibia	Uganda	4
What country is this?	https://ik.imagekit.io/nxir0zmtq/Flags/turkestan_border.jpg	Turkey	Turkestan	Tunisia	Mongol Emppire	2
What country is this?	https://ik.imagekit.io/nxir0zmtq/Flags/turkey_border.png	Turkey	Afghanistan	Tunisia	Jordan	1
What country is this?	https://ik.imagekit.io/nxir0zmtq/Flags/tunisia_border.jpg	Turkey	Jordan	Tunisia	Afghanistan	3
What country is this?	https://ik.imagekit.io/nxir0zmtq/Flags/tibet_border.png	Bhutan	Qing Empire	Nepal	Tibet	4
What country is this?	https://ik.imagekit.io/nxir0zmtq/Flags/transnistria_border.jpg	USSR	Transnistria	Soviet Belarus	Soviet Kazakhstan	2
What country is this?	https://ik.imagekit.io/nxir0zmtq/Flags/tonga_border.jpg	Switzerland	Malta	Tonga	Qatar	3
What country is this?	https://ik.imagekit.io/nxir0zmtq/Flags/togo_border.jpg	Tonga	Jordan	Myanmar	Togo	4
What country is this?	https://ik.imagekit.io/nxir0zmtq/Flags/texas_border.png	Texas	Chile	Argentina	United States of America	1
What country is this?	https://ik.imagekit.io/nxir0zmtq/Flags/tanzania_border.png	Republic of the Congo	Rwanda	Tanzania	Botswana	3
What country is this?	https://ik.imagekit.io/nxir0zmtq/Flags/tannu_tuva_border.png	Tannu Tuva	Peoples Republic of Mongolia	USSR	Tap Republic	1
What country is this?	https://ik.imagekit.io/nxir0zmtq/Flags/ukraine_border.jpg	Russia	Poland	Ukraine	Belarus	3
What country is this?	https://ik.imagekit.io/nxir0zmtq/Flags/united_arab_emirates_border.png	Palestine	Jordan	Western Sahara	United Arab Emirates	4
What country is this?	https://ik.imagekit.io/nxir0zmtq/Flags/west_indies_border.png	Palau	West Indies	Vanuatu	New Zealand	2
What country is this?	https://ik.imagekit.io/nxir0zmtq/Flags/zulu_kingdom_border.jpg	Zulu Kingdom	Memel	Lithuania	Yacutan Kingdom	1
What country is this?	https://ik.imagekit.io/nxir0zmtq/Flags/turkish_cyprus_border.png	Tunisia	Oman	Turkish National Guard	Turkish Cyprus	4
What country is this?	https://ik.imagekit.io/nxir0zmtq/Flags/thailand_border.png	Malaysia	Myanmar	Thailand	Cambodia	3
What country is this?	https://ik.imagekit.io/nxir0zmtq/Flags/tajikistan_border.png	Uzbekistan	Tajikistan	Kyrgystan	Turkmenistan	2
What country is this?	https://ik.imagekit.io/nxir0zmtq/Flags/chinese_republic_border.png	Republic of China	Taiwan	Nationalist China	Republic of Taiwan	1
What country is this?	https://ik.imagekit.io/nxir0zmtq/Flags/syria_border.jpg	Lebanon	Iran	Syrian Arab Republic	Iraq	3
What country is this?	https://ik.imagekit.io/nxir0zmtq/Flags/syria_border.jpg	Lebanon	Iraq	Iran	Syrian Republic	4
What country is this?	https://ik.imagekit.io/nxir0zmtq/Flags/switzerland_border.png	Austria	Swiss Confederation	Kingdom of Italy	Swissland	2
What is this?	https://ik.imagekit.io/nxir0zmtq/Flags/Athens.png	Modern Athens	Ancient Athens	Owlette from pj masks	Minerva	1
What country is this?	https://ik.imagekit.io/nxir0zmtq/Flags/sweden_border.png	Sweden	Iceland	Norway	Finland	1
What country is this?	https://ik.imagekit.io/nxir0zmtq/Flags/suriname_border.jpg	French Suriname	Guyana	Suriname	Gabon	3
What country is this?	https://ik.imagekit.io/nxir0zmtq/Flags/sikh_empire_border.jpg?updatedAt=1768161549286	Guanxi Clique	Arkhangai	Sikh Empire	Bayankhongor	3
What country was this?	https://ik.imagekit.io/nxir0zmtq/Flags/Carloginian%20Francia.png	Karling France	Carloginian Holy Roman Empire	Carolingian Francia	Empire of France	3
What country is this?	https://ik.imagekit.io/nxir0zmtq/Flags/solomon_islands_border.png	Marshall Islands	Solomon Islands	Kiribati	Seychelles	2
What country is this?	https://ik.imagekit.io/nxir0zmtq/Flags/sri_lanka_border.png	Sri Lanka	India	Bhutan	Nepal	1
What country is this?	https://ik.imagekit.io/nxir0zmtq/Flags/burgundy_flag.png?updatedAt=1768153543279	Kingdom of Middle Francia	Kingdom of Burgundy	Kingdom of West Francia	Kingdom of Bohemia	2
What country is this?	https://ik.imagekit.io/nxir0zmtq/Flags/st_kitts_and_nevis_border.jpg	Trinidad and Tobago	Central African Republic	Saints Kitts and Nevis	Antigua and Barbuda	3
What country is this?	https://ik.imagekit.io/nxir0zmtq/Flags/south_korea_border.png	Japanese Republic	Joseon	Korea	South Korea	4					
What country is this?	https://ik.imagekit.io/nxir0zmtq/Flags/serbia_border.png?updatedAt=1768161692812	Bulgaria	Serbia	Serbian Kingdom	Yugoslavia	2
What country is this?	https://ik.imagekit.io/nxir0zmtq/Flags/somaliland_border.jpg	Somaliland	Somalia	Jordan	Western Sahara	1
What country is this (in blue)?	https://ik.imagekit.io/nxir0zmtq/Flags/spanish_republic_border.jpg	Spain	Socialist Yugoslavia	Spanish Republic	Soviet Moldova	3
What country is this?	https://ik.imagekit.io/nxir0zmtq/Flags/spain_border.jpg	Andorra	Portugal	France	Spain	4
What country is this?	https://ik.imagekit.io/nxir0zmtq/Flags/sicily_border.png	Roman Empire	Sicily	Isle of Man	Princely States	2
What country is this?	https://ik.imagekit.io/nxir0zmtq/Flags/st_lucia_border.jpg	St Lucia	St Kitts and Nevis	St Vincent and the Grenadines	Grenada	1
What country is this?	https://ik.imagekit.io/nxir0zmtq/Flags/shandong_clique_border.jpg	Shangdong Clique	Yunnan Clique	Guanxi Clique	Shanxi Clique	1
What country is this?	https://ik.imagekit.io/nxir0zmtq/Flags/somalia_border.jpg?updatedAt=1768202111702	Micronesia	Vietnam	Somalia	Eritrea	3
What country is this?	https://ik.imagekit.io/nxir0zmtq/Flags/south_sudan_border.png	Sudan	Jordan	South Sudan	United Arab Emirates	3
What country is this?	https://ik.imagekit.io/nxir0zmtq/Flags/south_africa_border.png	Zambia	Central African Republic	Mozambique	South Africa	4
What country is this?	https://ik.imagekit.io/nxir0zmtq/Flags/slovakia_border.jpg	Czechia	Slovakia	Croatia	Slovenia	2
What country is this?	https://ik.imagekit.io/nxir0zmtq/Flags/south_ossetia_border.jpg	South Ossetia	Armenian Republic	Red Ruthenia	Transcaucasia	1
What country is this?	https://ik.imagekit.io/nxir0zmtq/Flags/sinkiang_border.png	Vietnam	Soviet Republic of China	Sinkiang	Indonesia	3
What country is this?	https://ik.imagekit.io/nxir0zmtq/Flags/soviet_union_border.png	Russia	Peoples Republic of China	Soviet Onion	United Soviet Socialist Republic	4
What country is this?	https://ik.imagekit.io/nxir0zmtq/Flags/sichuan_clique_border.png	Yunnan Clique	Sichuan Clique	Ma Clique	Guanxi Clique	2
What country is this?	https://ik.imagekit.io/nxir0zmtq/Flags/slovenia_border.jpg	Slovenia	Slovakia	Croatia	Czechia	1
What country is this?	https://ik.imagekit.io/nxir0zmtq/Flags/singapore_border.png	Indonesia	Malaysia	Singapore	Phillipines	3	
What is this?	https://ik.imagekit.io/nxir0zmtq/Flags/Flag%20of%20Islamic%20Jihads.webp	Crusades	Palestine	Israel	Jihads	4
